[
  {
    "id": "d27b15bd-02ec-4d05-b321-8047b4277ee3",
    "data": [
      {
        "text": "random number under ",
        "userDefined": false
      },
      {
        "text": "1000",
        "alias": "maxNum",
        "meta": "@sys.number",
        "userDefined": false
      },
      {
        "text": " and over ",
        "userDefined": false
      },
      {
        "text": "400",
        "alias": "minNum",
        "meta": "@sys.number",
        "userDefined": true
      }
    ],
    "isTemplate": false,
    "count": 0,
    "updated": 1542727256
  },
  {
    "id": "986c0f5e-767e-4c77-9aab-7dfc3d601886",
    "data": [
      {
        "text": "random number over ",
        "userDefined": false
      },
      {
        "text": "600",
        "alias": "minNum",
        "meta": "@sys.number",
        "userDefined": false
      },
      {
        "text": " and under ",
        "userDefined": false
      },
      {
        "text": "1000",
        "alias": "maxNum",
        "meta": "@sys.number",
        "userDefined": false
      }
    ],
    "isTemplate": false,
    "count": 0,
    "updated": 1542727256
  },
  {
    "id": "b533951c-1732-49d5-867a-008185594b47",
    "data": [
      {
        "text": "number between ",
        "userDefined": false
      },
      {
        "text": "2",
        "alias": "minNum",
        "meta": "@sys.number",
        "userDefined": false
      },
      {
        "text": " and ",
        "userDefined": false
      },
      {
        "text": "5",
        "alias": "maxNum",
        "meta": "@sys.number",
        "userDefined": false
      }
    ],
    "isTemplate": false,
    "count": 0,
    "updated": 1542727131
  },
  {
    "id": "a93d67c6-8d53-4f97-a784-4ece49cf6aac",
    "data": [
      {
        "text": "number",
        "userDefined": false
      }
    ],
    "isTemplate": false,
    "count": 0,
    "updated": 1542727131
  },
  {
    "id": "ec03218a-79a5-4a5d-986c-f8332e46ead7",
    "data": [
      {
        "text": "random number under ",
        "userDefined": false
      },
      {
        "text": "9",
        "alias": "maxNum",
        "meta": "@sys.number",
        "userDefined": false
      }
    ],
    "isTemplate": false,
    "count": 0,
    "updated": 1542658662
  },
  {
    "id": "37030b2f-e1f8-494e-99d9-c74f76373770",
    "data": [
      {
        "text": "random number over ",
        "userDefined": false
      },
      {
        "text": "500",
        "alias": "minNum",
        "meta": "@sys.number",
        "userDefined": false
      }
    ],
    "isTemplate": false,
    "count": 0,
    "updated": 1542658662
  },
  {
    "id": "7fb35523-140d-4c5c-a687-5004f25da32f",
    "data": [
      {
        "text": "random number between ",
        "userDefined": false
      },
      {
        "text": "1",
        "alias": "minNum",
        "meta": "@sys.number",
        "userDefined": false
      },
      {
        "text": " and ",
        "userDefined": false
      },
      {
        "text": "10",
        "alias": "maxNum",
        "meta": "@sys.number",
        "userDefined": false
      }
    ],
    "isTemplate": false,
    "count": 0,
    "updated": 1542658662
  },
  {
    "id": "1318f964-ccf2-495a-af2a-492cfe283879",
    "data": [
      {
        "text": "give me a random number between ",
        "userDefined": false
      },
      {
        "text": "1",
        "alias": "minNum",
        "meta": "@sys.number",
        "userDefined": false
      },
      {
        "text": " and ",
        "userDefined": false
      },
      {
        "text": "10",
        "alias": "maxNum",
        "meta": "@sys.number",
        "userDefined": false
      }
    ],
    "isTemplate": false,
    "count": 0,
    "updated": 1542656628
  },
  {
    "id": "faef0f20-b7d9-425e-9e44-486e5abbe1b1",
    "data": [
      {
        "text": "tell me a random number",
        "userDefined": false
      }
    ],
    "isTemplate": false,
    "count": 0,
    "updated": 1542656628
  },
  {
    "id": "d55017e0-f64b-4091-9e17-d591f1a50577",
    "data": [
      {
        "text": "random number",
        "userDefined": false
      }
    ],
    "isTemplate": false,
    "count": 0,
    "updated": 1542656628
  }
]