[
  {
    "id": "a89aeb69-86f9-41f5-8ac1-a9c76a033540",
    "data": [
      {
        "text": "help please",
        "userDefined": false
      }
    ],
    "isTemplate": false,
    "count": 0,
    "updated": 1542898239
  },
  {
    "id": "69ce8737-5461-4b77-b0a2-fac989f1ed99",
    "data": [
      {
        "text": "please help",
        "userDefined": false
      }
    ],
    "isTemplate": false,
    "count": 0,
    "updated": 1542898239
  },
  {
    "id": "fd9ae8af-db8a-491a-bcf9-7497165a31ad",
    "data": [
      {
        "text": "what should I ask",
        "userDefined": false
      }
    ],
    "isTemplate": false,
    "count": 0,
    "updated": 1542898239
  },
  {
    "id": "05d3926e-e678-4561-b9a0-1d2f4f4cb638",
    "data": [
      {
        "text": "what to say",
        "userDefined": false
      }
    ],
    "isTemplate": false,
    "count": 0,
    "updated": 1542898239
  },
  {
    "id": "212bc040-ea68-419e-b058-937cb178cb58",
    "data": [
      {
        "text": "what do I do",
        "userDefined": false
      }
    ],
    "isTemplate": false,
    "count": 0,
    "updated": 1542898239
  },
  {
    "id": "ab1d8d94-f5df-49b7-9a2e-99feb9398cac",
    "data": [
      {
        "text": "help me",
        "userDefined": false
      }
    ],
    "isTemplate": false,
    "count": 0,
    "updated": 1542898239
  },
  {
    "id": "6c4f77c9-b9e1-49a3-aaa7-fe54fd51f2d6",
    "data": [
      {
        "text": "can you help me",
        "userDefined": false
      }
    ],
    "isTemplate": false,
    "count": 0,
    "updated": 1542898239
  },
  {
    "id": "77af6673-4f71-4dd6-ad24-d286b1bc5083",
    "data": [
      {
        "text": "what can you do",
        "userDefined": false
      }
    ],
    "isTemplate": false,
    "count": 0,
    "updated": 1542898239
  },
  {
    "id": "0d295662-eeaf-4d27-90f8-5795ecd0d0df",
    "data": [
      {
        "text": "help",
        "userDefined": false
      }
    ],
    "isTemplate": false,
    "count": 0,
    "updated": 1542898239
  }
]